날짜,요일,영업일여부,비고
2026-01-01,목,N,신정
2026-01-02,금,Y,
2026-01-03,토,N,주말
2026-01-04,일,N,주말
2026-01-05,월,Y,
2026-01-06,화,Y,
2026-01-07,수,Y,
2026-01-08,목,Y,
2026-01-09,금,Y,
2026-01-10,토,N,주말
2026-01-11,일,N,주말
2026-01-12,월,Y,
2026-01-13,화,Y,
2026-01-14,수,Y,
2026-01-15,목,Y,
2026-01-16,금,Y,
2026-01-17,토,N,주말
2026-01-18,일,N,주말
2026-01-19,월,Y,
2026-01-20,화,Y,
2026-01-21,수,Y,
2026-01-22,목,Y,
2026-01-23,금,Y,
2026-01-24,토,N,주말
2026-01-25,일,N,주말
2026-01-26,월,Y,
2026-01-27,화,Y,
2026-01-28,수,Y,
2026-01-29,목,Y,
2026-01-30,금,Y,
2026-01-31,토,N,주말
2026-02-01,일,N,주말
2026-02-02,월,Y,
2026-02-03,화,Y,
2026-02-04,수,Y,
2026-02-05,목,Y,
2026-02-06,금,Y,
2026-02-07,토,N,주말
2026-02-08,일,N,주말
2026-02-09,월,Y,
2026-02-10,화,Y,
2026-02-11,수,Y,
2026-02-12,목,Y,
2026-02-13,금,Y,
2026-02-14,토,N,주말
2026-02-15,일,N,주말
2026-02-16,월,N,설날 연휴
2026-02-17,화,N,설날
2026-02-18,수,N,설날 연휴
2026-02-19,목,Y,
2026-02-20,금,Y,
2026-02-21,토,N,주말
2026-02-22,일,N,주말
2026-02-23,월,Y,
2026-02-24,화,Y,
2026-02-25,수,Y,
2026-02-26,목,Y,
2026-02-27,금,Y,
2026-02-28,토,N,주말
2026-03-01,일,N,삼일절 / 주말
2026-03-02,월,N,삼일절 대체공휴일
2026-03-03,화,Y,
2026-03-04,수,Y,
2026-03-05,목,Y,
2026-03-06,금,Y,
2026-03-07,토,N,주말
2026-03-08,일,N,주말
2026-03-09,월,Y,
2026-03-10,화,Y,
2026-03-11,수,Y,
2026-03-12,목,Y,
2026-03-13,금,Y,
2026-03-14,토,N,주말
2026-03-15,일,N,주말
2026-03-16,월,Y,
2026-03-17,화,Y,
2026-03-18,수,Y,
2026-03-19,목,Y,
2026-03-20,금,Y,
2026-03-21,토,N,주말
2026-03-22,일,N,주말
2026-03-23,월,Y,
2026-03-24,화,Y,
2026-03-25,수,Y,
2026-03-26,목,Y,
2026-03-27,금,Y,
2026-03-28,토,N,주말
2026-03-29,일,N,주말
2026-03-30,월,Y,
2026-03-31,화,Y,
2026-04-01,수,Y,
2026-04-02,목,Y,
2026-04-03,금,Y,
2026-04-04,토,N,주말
2026-04-05,일,N,주말
2026-04-06,월,Y,
2026-04-07,화,Y,
2026-04-08,수,Y,
2026-04-09,목,Y,
2026-04-10,금,Y,
2026-04-11,토,N,주말
2026-04-12,일,N,주말
2026-04-13,월,Y,
2026-04-14,화,Y,
2026-04-15,수,Y,
2026-04-16,목,Y,
2026-04-17,금,Y,
2026-04-18,토,N,주말
2026-04-19,일,N,주말
2026-04-20,월,Y,
2026-04-21,화,Y,
2026-04-22,수,Y,
2026-04-23,목,Y,
2026-04-24,금,Y,
2026-04-25,토,N,주말
2026-04-26,일,N,주말
2026-04-27,월,Y,
2026-04-28,화,Y,
2026-04-29,수,Y,
2026-04-30,목,Y,
2026-05-01,금,Y,
2026-05-02,토,N,주말
2026-05-03,일,N,주말
2026-05-04,월,Y,
2026-05-05,화,N,어린이날
2026-05-06,수,Y,
2026-05-07,목,Y,
2026-05-08,금,Y,
2026-05-09,토,N,주말
2026-05-10,일,N,주말
2026-05-11,월,Y,
2026-05-12,화,Y,
2026-05-13,수,Y,
2026-05-14,목,Y,
2026-05-15,금,Y,
2026-05-16,토,N,주말
2026-05-17,일,N,주말
2026-05-18,월,Y,
2026-05-19,화,Y,
2026-05-20,수,Y,
2026-05-21,목,Y,
2026-05-22,금,Y,
2026-05-23,토,N,주말
2026-05-24,일,N,부처님오신날 / 주말
2026-05-25,월,N,부처님오신날 대체공휴일
2026-05-26,화,Y,
2026-05-27,수,Y,
2026-05-28,목,Y,
2026-05-29,금,Y,
2026-05-30,토,N,주말
2026-05-31,일,N,주말
2026-06-01,월,Y,
2026-06-02,화,Y,
2026-06-03,수,Y,
2026-06-04,목,Y,
2026-06-05,금,Y,
2026-06-06,토,N,현충일 / 주말
2026-06-07,일,N,주말
2026-06-08,월,Y,
2026-06-09,화,Y,
2026-06-10,수,Y,
2026-06-11,목,Y,
2026-06-12,금,Y,
2026-06-13,토,N,주말
2026-06-14,일,N,주말
2026-06-15,월,Y,
2026-06-16,화,Y,
2026-06-17,수,Y,
2026-06-18,목,Y,
2026-06-19,금,Y,
2026-06-20,토,N,주말
2026-06-21,일,N,주말
2026-06-22,월,Y,
2026-06-23,화,Y,
2026-06-24,수,Y,
2026-06-25,목,Y,
2026-06-26,금,Y,
2026-06-27,토,N,주말
2026-06-28,일,N,주말
2026-06-29,월,Y,
2026-06-30,화,Y,
2026-07-01,수,Y,
2026-07-02,목,Y,
2026-07-03,금,Y,
2026-07-04,토,N,주말
2026-07-05,일,N,주말
2026-07-06,월,Y,
2026-07-07,화,Y,
2026-07-08,수,Y,
2026-07-09,목,Y,
2026-07-10,금,Y,
2026-07-11,토,N,주말
2026-07-12,일,N,주말
2026-07-13,월,Y,
2026-07-14,화,Y,
2026-07-15,수,Y,
2026-07-16,목,Y,
2026-07-17,금,Y,
2026-07-18,토,N,주말
2026-07-19,일,N,주말
2026-07-20,월,Y,
2026-07-21,화,Y,
2026-07-22,수,Y,
2026-07-23,목,Y,
2026-07-24,금,Y,
2026-07-25,토,N,주말
2026-07-26,일,N,주말
2026-07-27,월,Y,
2026-07-28,화,Y,
2026-07-29,수,Y,
2026-07-30,목,Y,
2026-07-31,금,Y,
2026-08-01,토,N,주말
2026-08-02,일,N,주말
2026-08-03,월,Y,
2026-08-04,화,Y,
2026-08-05,수,Y,
2026-08-06,목,Y,
2026-08-07,금,Y,
2026-08-08,토,N,주말
2026-08-09,일,N,주말
2026-08-10,월,Y,
2026-08-11,화,Y,
2026-08-12,수,Y,
2026-08-13,목,Y,
2026-08-14,금,Y,
2026-08-15,토,N,광복절 / 주말
2026-08-16,일,N,주말
2026-08-17,월,N,광복절 대체공휴일
2026-08-18,화,Y,
2026-08-19,수,Y,
2026-08-20,목,Y,
2026-08-21,금,Y,
2026-08-22,토,N,주말
2026-08-23,일,N,주말
2026-08-24,월,Y,
2026-08-25,화,Y,
2026-08-26,수,Y,
2026-08-27,목,Y,
2026-08-28,금,Y,
2026-08-29,토,N,주말
2026-08-30,일,N,주말
2026-08-31,월,Y,
2026-09-01,화,Y,
2026-09-02,수,Y,
2026-09-03,목,Y,
2026-09-04,금,Y,
2026-09-05,토,N,주말
2026-09-06,일,N,주말
2026-09-07,월,Y,
2026-09-08,화,Y,
2026-09-09,수,Y,
2026-09-10,목,Y,
2026-09-11,금,Y,
2026-09-12,토,N,주말
2026-09-13,일,N,주말
2026-09-14,월,Y,
2026-09-15,화,Y,
2026-09-16,수,Y,
2026-09-17,목,Y,
2026-09-18,금,Y,
2026-09-19,토,N,주말
2026-09-20,일,N,주말
2026-09-21,월,Y,
2026-09-22,화,Y,
2026-09-23,수,Y,
2026-09-24,목,N,추석 연휴
2026-09-25,금,N,추석
2026-09-26,토,N,추석 연휴 / 주말
2026-09-27,일,N,주말
2026-09-28,월,Y,
2026-09-29,화,Y,
2026-09-30,수,Y,
2026-10-01,목,Y,
2026-10-02,금,Y,
2026-10-03,토,N,개천절 / 주말
2026-10-04,일,N,주말
2026-10-05,월,N,개천절 대체공휴일
2026-10-06,화,Y,
2026-10-07,수,Y,
2026-10-08,목,Y,
2026-10-09,금,N,한글날
2026-10-10,토,N,주말
2026-10-11,일,N,주말
2026-10-12,월,Y,
2026-10-13,화,Y,
2026-10-14,수,Y,
2026-10-15,목,Y,
2026-10-16,금,Y,
2026-10-17,토,N,주말
2026-10-18,일,N,주말
2026-10-19,월,Y,
2026-10-20,화,Y,
2026-10-21,수,Y,
2026-10-22,목,Y,
2026-10-23,금,Y,
2026-10-24,토,N,주말
2026-10-25,일,N,주말
2026-10-26,월,Y,
2026-10-27,화,Y,
2026-10-28,수,Y,
2026-10-29,목,Y,
2026-10-30,금,Y,
2026-10-31,토,N,주말
2026-11-01,일,N,주말
2026-11-02,월,Y,
2026-11-03,화,Y,
2026-11-04,수,Y,
2026-11-05,목,Y,
2026-11-06,금,Y,
2026-11-07,토,N,주말
2026-11-08,일,N,주말
2026-11-09,월,Y,
2026-11-10,화,Y,
2026-11-11,수,Y,
2026-11-12,목,Y,
2026-11-13,금,Y,
2026-11-14,토,N,주말
2026-11-15,일,N,주말
2026-11-16,월,Y,
2026-11-17,화,Y,
2026-11-18,수,Y,
2026-11-19,목,Y,
2026-11-20,금,Y,
2026-11-21,토,N,주말
2026-11-22,일,N,주말
2026-11-23,월,Y,
2026-11-24,화,Y,
2026-11-25,수,Y,
2026-11-26,목,Y,
2026-11-27,금,Y,
2026-11-28,토,N,주말
2026-11-29,일,N,주말
2026-11-30,월,Y,
2026-12-01,화,Y,
2026-12-02,수,Y,
2026-12-03,목,Y,
2026-12-04,금,Y,
2026-12-05,토,N,주말
2026-12-06,일,N,주말
2026-12-07,월,Y,
2026-12-08,화,Y,
2026-12-09,수,Y,
2026-12-10,목,Y,
2026-12-11,금,Y,
2026-12-12,토,N,주말
2026-12-13,일,N,주말
2026-12-14,월,Y,
2026-12-15,화,Y,
2026-12-16,수,Y,
2026-12-17,목,Y,
2026-12-18,금,Y,
2026-12-19,토,N,주말
2026-12-20,일,N,주말
2026-12-21,월,Y,
2026-12-22,화,Y,
2026-12-23,수,Y,
2026-12-24,목,Y,
2026-12-25,금,N,성탄절
2026-12-26,토,N,주말
2026-12-27,일,N,주말
2026-12-28,월,Y,
2026-12-29,화,Y,
2026-12-30,수,Y,
2026-12-31,목,Y,
